5	Spring MVC For Beginners : Build Java Web App in 25 Steps	mooc	Udemy	 	 	Spring MVC Tutorial for Beginners with a Hands-on Step by Step Approach - 25 Steps	https://www.udemy.com/spring-mvc-tutorial-for-beginners-step-by-step/	{Spring MVC,Java}	4	4	5
6	Spring Framework 4 (Java Enterprise JEE) with AngularJS	mooc	Udemy	 	 	Learn how to develop commercial web applications using Java Spring MVC Framework 4 with AngularJS by Google and HTML5	https://www.udemy.com/java-spring-mvc-framework-with-angularjs-by-google-and-html5/	{Spring,Java,JEE,AngularJS,HTML5}	5	3	6
7	The Java Spring Tutorial: Learn Java's Popular Web Framework	mooc	Udemy		 	Learn the hottest, most in-demand Java web framework, including web programming with Spring MVC and Hibernate. Lifetime access with no subscription on Udemy	https://www.udemy.com/javaspring/	{Spring MVC,Java,Hibernate}	26	4	7
8	Building Interactive Prototypes using JavaScript	mooc	edX	 	 	From programming basics to DOM manipulation, learn to use JavaScript, the programming language of the Web, to create interactive webpages.	https://www.edx.org/course/building-interactive-prototypes-using-microsoft-dev279x-0	{Javascript,DOM,Web}	0	0	8
9	Introduction to Node.js	mooc	edX	 	 	The ultimate beginner guide to creating web applications using Node.js, Express and MongoDB.	https://www.edx.org/course/introduction-node-js-microsoft-dev283x	{Node.js,Express,MongoDB}	0	0	9
10	Introduction to HTML and JavaScript	mooc	edX	 	 	Learn the essential skills to create an interactive web application using HTML5, JavaScript CSS, and CSS3.	https://www.edx.org/course/introduction-html-javascript-microsoft-dev211-1x-2	{Javascript,HTML5,CSS,CSS3}	0	0	10
11	Java Fundamentals for Android Development	mooc	edX	 	 	Gain entry-level skills and knowledge in Java fundamentals and an intro to Android Studio for a strong foundation in Android Apps.	https://www.edx.org/course/java-fundamentals-android-development-galileox-caad001x-2	{Java,Android,OOP}	0	0	11
12	Introduction to jQuery	mooc	edX		 	This course will teach you how to use jQuery to simplify common tasks in JavaScript,allowing the you to quickly add interactivity to web pages.	https://www.edx.org/course/introduction-jquery-microsoft-dev208x-3	{JQuery,Javascript}	0	0	12
13	Introduction to OpenStack	mooc	edX	 	 	Get an in-depth primer on OpenStack, the leading cloud computing platform, directly from The Linux Foundation, the leader in professional open source management and the platform provider for the Certified OpenStack Administrator exam.	https://www.edx.org/course/introduction-openstack-linuxfoundationx-lfs152x	{cloud,OpenStack,COA}	0	0	13
14	Learn to Program in Java	mooc	edX		 	Get started on the path to becoming a software engineer by learning core coding skills in Javaâ€”one of the most popular programming languages.	https://www.edx.org/course/learn-program-java-microsoft-dev276x-0	{Java}	0	0	14
15	Object Oriented Programming in Java	mooc	edX	 	 	One of the most important skills in software development is designing how code is organized. In this Java course, learn how to apply industry-standard practices as you structure your software.	https://www.edx.org/course/object-oriented-programming-java-microsoft-dev277x-0	{Java,OOP}	0	0	15
16	Introduction to ReactJS	mooc	edX	 	 	Learn why developers love ReactJS, an open-source JavaScript library for building user interfaces, in this introductory course.	https://www.edx.org/course/introduction-reactjs-microsoft-dev281x-0	{ReactJS,Javascript}	0	0	16
17	AngularJS: Framework Fundamentals	mooc	edX	 	 	"Begin programming with AngularJS, a complete JavaScript-based open-source client and server-side web application framework that allows you to use HTML as your template language.

"	https://www.edx.org/course/angularjs-framework-fundamentals-microsoft-dev220x-1	{AngularJS}	0	0	17
18	Introduction to C#	mooc	edX	 	 	Learn the basics of the C# programming language, one of the most popular programming languages used to develop software for the Microsoft platform but also used to develop software for Linux, Android, and iOS systems as well.	https://www.edx.org/course/introduction-c-microsoft-dev204-1x-0	{C#}	0	0	18
19	Complete Java Masterclass	mooc	Udemy	 	 	Learn to master Java 8 and Java 9 core development step-by-step, and make your first unique, advanced program in 30 days	https://www.udemy.com/java-the-complete-java-developer-course/	{Java,Java 8,Java 9}	0	0	19
20	Become a Junior Java Software Developer	mooc	Udemy	 	 	Complete practical and conceptual Java programming course for beginners 	https://www.udemy.com/become-a-junior-java-software-developer/	{Java,OOP,algorithms}	6	4	20
21	JSP, Servlets and JDBC for Beginners: Build a Database App	mooc	Udemy	 	 	JSP: Covers latest versions of JSP 2.3 and Servlets 3.1 - Most Popular JSP/Servlet course	https://www.udemy.com/jsp-tutorial/	{Java,JSP,JDBC}	11	4	21
22	Java Swing (GUI) Programming: From Beginner to Expert	mooc	Udemy	 	 	Learn how to create desktop and Internet GUI Java programs and take your Java programming to the next level.	https://www.udemy.com/java-swing-complete/	{Java,Swing,GUI}	9	4	22
23	Multithreading and Parallel Computing in Java	mooc	Udemy	 	 	Multithreadin and concurrent programming, parallel computation in java	https://www.udemy.com/multithreading-and-parallel-computing-in-java/	{multithreading,parallel processing,concurrency}	2	4	23
24	Beginners Eclipse Java IDE Training Course	mooc	Udemy	 	 	Learn how to create Java applications using the Eclipse Integrated Development Environment	https://www.udemy.com/beginners-eclipse-java-ide-training-course/	{Eclipse Java IDE,Java}	587	4	24
25	Complete Step By Step Java For Testers	mooc	Udemy	 	  	A-Z guide for learning Java what's perfectly right for your Selenium WebDriver and Test Automation needs	https://www.udemy.com/complete-java-for-test-automation/	{Java testers,Selenium}	35	4	25
